1,-1
2,-2
3,-3
4,0
5,3
6,2
7,1
8,0
9,-1
10,2
11,1
12,0
13,-1
14,-2
15,-3
16,-4
17,-5
18,-6
19,-7
20,-8
21,-9
22,41
23,91
24,90
25,89
26,139
27,189
28,188
29,238
30,237
31,236
32,286
33,285
34,284
35,283
36,282
37,281
38,331
39,330
40,329
41,328
42,327
43,326
44,376
45,375
46,374
47,424
48,423
49,426
50,429
51,479
52,478
53,477
54,476
55,426
56,425
57,424
58,423
59,422
60,421
61,424
62,423
63,422
64,421
65,420
66,423
67,426
68,425
69,428
70,427
71,430
72,429
73,479
74,478
75,477
76,480
77,479
78,478
79,477
80,476
81,475
82,474
83,473
84,472
85,471
86,470
87,469
88,519
89,518
90,517
91,516
92,515
93,565
94,564
95,563
96,513
97,516
98,519
99,569
100,519
101,469
102,468
103,467
104,466
105,465
106,464
107,463
108,462
109,512
110,511
111,510
112,509
113,508
114,558
115,557
116,556
117,555
118,554
119,553
120,552
121,551
122,550
123,549
124,548
125,551
126,550
127,500
128,503
129,502
130,501
131,500
132,503
133,502
134,501
135,500
136,499
137,502
138,552
139,555
140,554
141,604
142,654
143,657
144,660
145,610
146,609
147,608
148,611
149,614
150,564
151,563
152,562
153,565
154,564
155,563
156,562
157,561
158,560
159,559
160,509
161,508
162,511
163,514
164,464
165,467
166,466
167,516
168,566
169,516
170,566
171,565
172,564
173,563
174,562
175,512
176,511
177,510
178,509
179,512
180,562
181,561
182,560
183,559
184,558
185,557
186,556
187,555
188,558
189,557
190,557
191,556
192,606
193,605
194,608
195,611
196,610
197,609
198,608
199,558
200,557
201,556
202,559
203,558
204,557
205,556
206,559
207,562
208,565
209,564
210,563
211,562
212,561
213,564
214,563
215,562
216,561
217,560
218,563
219,566
220,516
221,515
222,514
223,513
224,516
225,515
226,514
227,464
228,514
229,513
230,563
231,562
232,561
233,560
234,559
235,558
236,557
237,556
238,555
239,558
240,557
241,560
242,610
243,613
244,616
245,619
246,618
247,617
248,616
249,666
250,716
251,719
252,718
253,717
254,716
255,766
256,765
257,715
258,714
259,713
260,712
261,715
262,714
263,713
264,663
265,713
266,712
267,715
268,714
269,713
270,712
271,711
272,714
273,717
274,667
275,666
276,665
277,664
278,663
279,662
280,712
281,711
282,710
283,709
284,708
285,707
286,706
287,705
288,704
289,703
290,706
291,705
292,704
293,707
294,657
295,656
296,659
297,658
298,708
299,707
300,706
301,705
302,708
303,707
304,657
305,660
306,659
307,658
308,661
309,664
310,663
311,662
312,661
313,660
314,659
315,609
316,659
317,658
318,657
319,656
320,659
321,658
322,608
323,611
324,661
325,660
326,710
327,709
328,712
329,711
330,710
331,709
332,708
333,707
334,710
335,660
336,659
337,658
338,657
339,707
340,757
341,760
342,759
343,758
344,757
345,756
346,755
347,754
348,757
349,756
350,755
351,805
352,855
353,858
354,857
355,856
356,855
357,854
358,853
359,852
360,851
361,854
362,853
363,856
364,855
365,854
366,857
367,856
368,855
369,854
370,853
371,803
372,802
373,852
374,851
375,850
376,849
377,848
378,798
379,801
380,800
381,803
382,753
383,756
384,806
385,756
386,759
387,758
388,757
389,756
390,755
391,754
392,753
393,752
394,751
395,750
396,749
397,752
398,751
399,754
400,753
401,756
402,759
403,758
404,757
405,807
406,806
407,809
408,808
409,807
410,810
411,813
412,816
413,815
414,818
415,817
416,816
417,815
418,818
419,817
420,820
421,870
422,869
423,819
424,769
425,768
426,767
427,766
428,765
429,764
430,763
431,762
432,761
433,760
434,759
435,758
436,757
437,760
438,759
439,758
440,757
441,760
442,759
443,758
444,757
445,756
446,755
447,754
448,757
449,756
450,806
451,805
452,804
453,803
454,802
455,805
456,804
457,803
458,802
459,801
460,804
461,807
462,857
463,907
464,906
465,909
466,912
467,911
468,861
469,811
470,810
471,813
472,863
473,862
474,861
475,860
476,863
477,862
478,912
479,962
480,961
481,1011
482,1010
483,1009
484,1008
485,1007
486,1006
487,1005
488,1055
489,1054
490,1104
491,1107
492,1106
493,1105
494,1155
495,1158
496,1157
497,1156
498,1155
499,1154
500,1153
501,1152
502,1202
503,1205
504,1204
505,1207
506,1257
507,1256
508,1255
509,1205
510,1204
511,1203
512,1202
513,1205
514,1155
515,1154
516,1204
517,1207
518,1206
519,1205
520,1155
521,1158
522,1108
523,1111
524,1110
525,1109
526,1108
527,1111
528,1110
529,1109
530,1108
531,1107
532,1106
533,1105
534,1104
535,1107
536,1106
537,1105
538,1104
539,1054
540,1057
541,1056
542,1055
543,1058
544,1057
545,1056
546,1106
547,1105
548,1104
549,1103
550,1102
551,1101
552,1100
553,1103
554,1102
555,1052
556,1051
557,1050
558,1049
559,1052
560,1051
561,1101
562,1100
563,1099
564,1149
565,1148
566,1147
567,1146
568,1145
569,1144
570,1194
571,1193
572,1196
573,1246
574,1245
575,1195
576,1194
577,1197
578,1200
579,1203
580,1202
581,1252
582,1251
583,1250
584,1249
585,1248
586,1298
587,1297
588,1247
589,1250
590,1249
591,1248
592,1247
593,1246
594,1245
595,1248
596,1251
597,1250
598,1300
599,1350
600,1349
601,1348
602,1351
603,1350
604,1349
605,1348
606,1347
607,1346
608,1345
609,1344
610,1347
611,1346
612,1345
613,1344
614,1343
615,1342
616,1341
617,1344
618,1343
619,1342
620,1345
621,1348
622,1347
623,1297
624,1296
625,1346
626,1345
627,1295
628,1294
629,1297
630,1347
631,1346
632,1345
633,1344
634,1343
635,1342
636,1392
637,1391
638,1394
639,1393
640,1392
641,1391
642,1390
643,1389
644,1388
645,1387
646,1390
647,1389
648,1388
649,1387
650,1386
651,1385
652,1435
653,1434
654,1484
655,1534
656,1533
657,1583
658,1586
659,1585
660,1588
661,1538
662,1537
663,1587
664,1586
665,1585
666,1588
667,1587
668,1586
669,1585
670,1635
671,1634
672,1633
673,1632
674,1631
675,1630
676,1633
677,1632
678,1631
679,1634
680,1637
681,1636
682,1635
683,1634
684,1633
685,1632
686,1631
687,1634
688,1633
689,1632
690,1635
691,1634
692,1584
693,1583
694,1582
695,1581
696,1584
697,1583
698,1582
699,1581
700,1580
701,1579
702,1629
703,1628
704,1627
705,1626
706,1625
707,1624
708,1623
709,1673
710,1672
711,1671
712,1670
713,1669
714,1672
715,1671
716,1671
717,1670
718,1669
719,1668
720,1671
721,1674
722,1677
723,1676
724,1675
725,1625
726,1624
727,1623
728,1622
729,1625
730,1624
731,1674
732,1677
733,1676
734,1675
735,1674
736,1673
737,1672
738,1671
739,1721
740,1724
741,1723
742,1722
743,1721
744,1724
745,1723
746,1722
747,1721
748,1720
749,1723
750,1726
751,1776
752,1779
753,1778
754,1777
755,1727
756,1726
757,1676
758,1675
759,1674
760,1677
761,1676
762,1675
763,1674
764,1673
765,1672
766,1671
767,1670
768,1669
769,1672
770,1622
771,1621
772,1620
773,1619
774,1618
775,1617
776,1616
777,1615
778,1618
779,1617
780,1620
781,1619
782,1618
783,1621
784,1620
785,1670
786,1669
787,1668
788,1667
789,1666
790,1716
791,1715
792,1665
793,1664
794,1663
795,1662
796,1661
797,1660
798,1659
799,1658
800,1657
801,1660
802,1659
803,1609
804,1608
805,1607
806,1606
807,1605
808,1604
809,1603
810,1606
811,1605
812,1604
813,1603
814,1602
815,1601
816,1651
817,1650
818,1649
819,1648
820,1647
821,1646
822,1649
823,1648
824,1647
825,1650
826,1649
827,1648
828,1647
829,1646
830,1645
831,1595
832,1594
833,1593
834,1592
835,1595
836,1594
837,1597
838,1596
839,1599
840,1598
841,1597
842,1600
843,1599
844,1598
845,1597
846,1596
847,1646
848,1649
849,1648
850,1698
851,1697
852,1696
853,1695
854,1698
855,1697
856,1700
857,1703
858,1702
859,1705
860,1704
861,1654
862,1657
863,1660
864,1659
865,1658
866,1657
867,1656
868,1655
869,1654
870,1653
871,1652
872,1651
873,1650
874,1649
875,1648
876,1647
877,1646
878,1649
879,1648
880,1647
881,1646
882,1645
883,1644
884,1643
885,1642
886,1645
887,1644
888,1647
889,1646
890,1596
891,1595
892,1594
893,1544
894,1543
895,1542
896,1541
897,1540
898,1539
899,1538
900,1537
901,1536
902,1535
903,1534
904,1533
905,1532
906,1535
907,1585
908,1584
909,1534
910,1533
911,1583
912,1582
913,1585
914,1588
915,1591
916,1590
917,1589
918,1592
919,1591
920,1590
921,1593
922,1592
923,1591
924,1590
925,1589
926,1592
927,1595
928,1594
929,1597
930,1600
931,1599
932,1598
933,1648
934,1647
935,1697
936,1747
937,1750
938,1750
939,1749
940,1748
941,1747
942,1746
943,1745
944,1795
945,1794
946,1793
947,1796
948,1795
949,1745
950,1744
951,1747
952,1797
953,1847
954,1846
955,1845
956,1848
957,1851
958,1801
959,1800
960,1799
961,1798
962,1797
963,1796
964,1795
965,1794
966,1793
967,1792
968,1791
969,1790
970,1793
971,1792
972,1791
973,1841
974,1791
975,1741
976,1744
977,1743
978,1742
979,1741
980,1691
981,1690
982,1689
983,1739
984,1738
985,1741
986,1740
987,1739
988,1738
989,1741
990,1740
991,1743
992,1746
993,1749
994,1752
995,1751
996,1750
997,1749
998,1748
999,1747
1000,1746
1001,1745
1002,1744
1003,1747
1004,1746
1005,1745
1006,1744
1007,1794
1008,1797
1009,1747
1010,1746
1011,1745
1012,1748
1013,1747
1014,1746
1015,1749
1016,1748
1017,1751
1018,1750
1019,1749
1020,1748
1021,1747
1022,1750
1023,1749
1024,1748
1025,1747
1026,1746
1027,1745
1028,1744
1029,1743
1030,1746
1031,1745
1032,1695
1033,1694
1034,1693
1035,1692
1036,1691
1037,1690
1038,1640
1039,1639
1040,1638
1041,1641
1042,1640
1043,1639
1044,1638
1045,1641
1046,1640
1047,1639
1048,1642
1049,1641
1050,1691
1051,1694
1052,1697
1053,1696
1054,1699
1055,1749
1056,1799
1057,1798
1058,1797
1059,1847
1060,1846
1061,1845
1062,1844
1063,1843
1064,1893
1065,1892
1066,1891
1067,1890
1068,1940
1069,1939
1070,1938
1071,1937
1072,1936
1073,1935
1074,1934
1075,1933
1076,1983
1077,1982
1078,1981
1079,1931
1080,1930
1081,1880
1082,1879
1083,1878
1084,1881
1085,1880
1086,1879
1087,1878
1088,1828
1089,1827
1090,1830
1091,1880
1092,1883
1093,1882
1094,1881
1095,1880
1096,1879
1097,1878
1098,1877
1099,1927
1100,1926
1101,1925
1102,1924
1103,1923
1104,1922
1105,1921
1106,1920
1107,1923
1108,1926
1109,1925
1110,1924
1111,1874
1112,1873
1113,1872
1114,1875
1115,1878
1116,1881
1117,1880
1118,1879
1119,1829
1120,1828
1121,1878
1122,1877
1123,1876
1124,1826
1125,1825
1126,1824
1127,1823
1128,1822
1129,1821
1130,1820
1131,1819
1132,1822
1133,1821
1134,1824
1135,1823
1136,1822
1137,1825
1138,1828
1139,1827
1140,1826
1141,1825
1142,1824
1143,1823
1144,1822
1145,1821
1146,1820
1147,1819
1148,1818
1149,1817
1150,1816
1151,1815
1152,1865
1153,1868
1154,1918
1155,1917
1156,1916
1157,1915
1158,1914
1159,1913
1160,1916
1161,1866
1162,1865
1163,1864
1164,1867
1165,1866
1166,1916
1167,1915
1168,1914
1169,1913
1170,1912
1171,1911
1172,1910
1173,1913
1174,1916
1175,1919
1176,1918
1177,1917
1178,1916
1179,1915
1180,1914
1181,1964
1182,1963
1183,1962
1184,1961
1185,2011
1186,2061
1187,2060
1188,2059
1189,2058
1190,2108
1191,2107
1192,2157
1193,2156
1194,2155
1195,2154
1196,2104
1197,2103
1198,2102
1199,2152
1200,2151
1201,2150
1202,2153
1203,2152
1204,2202
1205,2201
1206,2200
1207,2199
1208,2198
1209,2197
1210,2196
1211,2195
1212,2194
1213,2194
1214,2193
1215,2192
1216,2191
1217,2194
1218,2193
1219,2192
1220,2191
1221,2190
1222,2240
1223,2239
1224,2238
1225,2237
1226,2236
1227,2235
1228,2185
1229,2184
1230,2234
1231,2233
1232,2232
1233,2231
1234,2230
1235,2280
1236,2279
1237,2278
1238,2277
1239,2276
1240,2275
1241,2274
1242,2273
1243,2272
1244,2271
1245,2270
1246,2273
1247,2272
1248,2271
1249,2270
1250,2269
1251,2268
1252,2267
1253,2266
1254,2269
1255,2268
1256,2267
1257,2266
1258,2269
1259,2272
1260,2275
1261,2274
1262,2273
1263,2272
1264,2322
1265,2325
1266,2324
1267,2323
1268,2322
1269,2321
1270,2320
1271,2270
1272,2273
1273,2272
1274,2271
1275,2274
1276,2273
1277,2272
1278,2271
1279,2270
1280,2273
1281,2272
1282,2322
1283,2321
1284,2320
1285,2319
1286,2318
1287,2321
1288,2320
1289,2320
1290,2319
1291,2318
1292,2317
1293,2316
1294,2315
1295,2318
1296,2317
1297,2316
1298,2315
1299,2314
1300,2313
1301,2363
1302,2413
1303,2412
1304,2411
1305,2410
1306,2409
1307,2408
1308,2407
1309,2406
1310,2409
1311,2412
1312,2411
1313,2414
1314,2413
1315,2463
1316,2462
1317,2465
1318,2464
1319,2463
1320,2513
1321,2516
1322,2515
1323,2514
1324,2513
1325,2512
1326,2511
1327,2510
1328,2509
1329,2508
1330,2507
1331,2557
1332,2556
1333,2555
1334,2554
1335,2557
1336,2556
1337,2559
1338,2609
1339,2612
1340,2611
1341,2614
1342,2613
1343,2612
1344,2611
1345,2561
1346,2564
1347,2563
1348,2562
1349,2512
1350,2511
1351,2510
1352,2509
1353,2508
1354,2507
1355,2506
1356,2509
1357,2508
1358,2511
1359,2510
1360,2513
1361,2512
1362,2511
1363,2514
1364,2517
1365,2516
1366,2515
1367,2514
1368,2513
1369,2512
1370,2511
1371,2510
1372,2509
1373,2512
1374,2515
1375,2514
1376,2513
1377,2512
1378,2511
1379,2510
1380,2509
1381,2508
1382,2558
1383,2557
1384,2556
1385,2555
1386,2558
1387,2557
1388,2556
1389,2555
1390,2554
1391,2553
1392,2552
1393,2551
1394,2550
1395,2553
1396,2556
1397,2559
1398,2558
1399,2557
1400,2556
1401,2555
1402,2505
1403,2455
1404,2505
1405,2455
1406,2454
1407,2453
1408,2452
1409,2451
1410,2454
1411,2453
1412,2452
1413,2455
1414,2405
1415,2408
1416,2358
1417,2361
1418,2360
1419,2363
1420,2366
1421,2365
1422,2368
1423,2367
1424,2366
1425,2365
1426,2364
1427,2363
1428,2362
1429,2361
1430,2360
1431,2359
1432,2358
1433,2357
1434,2356
1435,2355
1436,2358
1437,2361
1438,2360
1439,2363
1440,2362
1441,2412
1442,2411
1443,2410
1444,2413
1445,2412
1446,2415
1447,2414
1448,2413
1449,2463
1450,2462
1451,2461
1452,2511
1453,2514
1454,2513
1455,2512
1456,2511
1457,2510
1458,2509
1459,2512
1460,2511
1461,2461
1462,2464
1463,2514
1464,2517
1465,2516
1466,2515
1467,2565
1468,2564
1469,2563
1470,2562
1471,2565
1472,2564
1473,2563
1474,2562
1475,2561
1476,2564
1477,2563
1478,2562
1479,2561
1480,2564
1481,2567
1482,2566
1483,2565
1484,2564
1485,2563
1486,2613
1487,2563
1488,2566
1489,2565
1490,2568
1491,2567
1492,2566
1493,2565
1494,2564
1495,2567
1496,2566
1497,2616
1498,2619
1499,2622
1500,2621
1501,2620
1502,2670
1503,2669
1504,2672
1505,2622
1506,2621
1507,2620
1508,2619
1509,2569
1510,2568
1511,2567
1512,2566
1513,2565
1514,2564
1515,2563
1516,2566
1517,2516
1518,2515
1519,2514
1520,2564
1521,2567
1522,2566
1523,2565
1524,2564
1525,2563
1526,2566
1527,2616
1528,2615
1529,2665
1530,2664
1531,2614
1532,2613
1533,2612
1534,2611
1535,2610
1536,2560
1537,2510
1538,2513
1539,2563
1540,2513
1541,2516
1542,2515
1543,2565
1544,2568
1545,2518
1546,2521
1547,2520
1548,2519
1549,2518
1550,2517
1551,2516
1552,2515
1553,2518
1554,2517
1555,2567
1556,2566
1557,2565
1558,2564
1559,2563
1560,2562
1561,2561
1562,2564
1563,2614
1564,2613
1565,2612
1566,2611
1567,2610
1568,2609
1569,2608
1570,2611
1571,2610
1572,2609
1573,2608
1574,2607
1575,2610
1576,2613
1577,2663
1578,2666
1579,2716
1580,2715
1581,2665
1582,2664
1583,2663
1584,2662
1585,2665
1586,2668
1587,2618
1588,2617
1589,2616
1590,2615
1591,2618
1592,2668
1593,2718
1594,2721
1595,2720
1596,2719
1597,2718
1598,2717
1599,2667
1600,2666
1601,2665
1602,2664
1603,2663
1604,2666
1605,2665
1606,2668
1607,2618
1608,2617
1609,2616
1610,2615
1611,2614
1612,2613
1613,2663
1614,2662
1615,2661
1616,2660
1617,2659
1618,2662
1619,2661
1620,2660
1621,2710
1622,2660
1623,2663
1624,2662
1625,2665
1626,2664
1627,2667
1628,2666
1629,2665
1630,2615
1631,2618
1632,2668
1633,2667
1634,2666
1635,2665
1636,2668
1637,2667
1638,2666
1639,2669
1640,2668
1641,2667
1642,2717
1643,2716
1644,2715
1645,2714
1646,2713
1647,2763
1648,2762
1649,2761
1650,2760
1651,2759
1652,2758
1653,2757
1654,2756
1655,2806
1656,2805
1657,2804
1658,2803
1659,2802
1660,2801
1661,2800
1662,2850
1663,2849
1664,2848
1665,2847
1666,2846
1667,2845
1668,2848
1669,2847
1670,2846
1671,2846
1672,2796
1673,2795
1674,2794
1675,2844
1676,2843
1677,2842
1678,2841
1679,2840
1680,2839
1681,2789
1682,2792
1683,2791
1684,2790
1685,2793
1686,2792
1687,2742
1688,2745
1689,2744
1690,2743
1691,2742
1692,2741
1693,2740
1694,2743
1695,2742
1696,2741
1697,2740
1698,2739
1699,2738
1700,2737
1701,2740
1702,2739
1703,2738
1704,2788
1705,2838
1706,2837
1707,2836
1708,2835
1709,2838
1710,2841
1711,2840
1712,2839
1713,2842
1714,2841
1715,2840
1716,2843
1717,2842
1718,2841
1719,2791
1720,2790
1721,2793
1722,2792
1723,2795
1724,2798
1725,2797
1726,2796
1727,2846
1728,2845
1729,2844
1730,2843
1731,2793
1732,2792
1733,2795
1734,2798
1735,2797
1736,2847
1737,2850
1738,2900
1739,2899
1740,2898
1741,2897
1742,2896
1743,2846
1744,2796
1745,2795
1746,2794
1747,2793
1748,2796
1749,2795
1750,2745
1751,2795
1752,2845
1753,2844
1754,2843
1755,2842
1756,2845
1757,2895
1758,2845
1759,2844
1760,2794
1761,2793
1762,2792
1763,2791
1764,2790
1765,2840
1766,2839
1767,2842
1768,2841
1769,2840
1770,2839
1771,2842
1772,2841
1773,2840
1774,2839
1775,2838
1776,2837
1777,2836
1778,2835
1779,2834
1780,2837
1781,2840
1782,2839
1783,2838
1784,2837
1785,2836
1786,2786
1787,2785
1788,2784
1789,2787
1790,2790
1791,2740
1792,2739
1793,2689
1794,2739
1795,2738
1796,2737
1797,2740
1798,2739
1799,2738
1800,2741
1801,2744
1802,2743
1803,2742
1804,2745
1805,2744
1806,2743
1807,2742
1808,2741
1809,2740
1810,2739
1811,2742
1812,2741
1813,2691
1814,2690
1815,2689
1816,2688
1817,2687
1818,2686
1819,2636
1820,2586
1821,2636
1822,2639
1823,2638
1824,2637
1825,2636
1826,2635
1827,2638
1828,2637
1829,2636
1830,2635
1831,2634
1832,2633
1833,2632
1834,2631
1835,2634
1836,2637
1837,2636
1838,2635
1839,2634
1840,2633
1841,2636
1842,2635
1843,2634
1844,2637
1845,2636
1846,2586
1847,2585
1848,2584
1849,2583
1850,2582
1851,2585
1852,2584
1853,2587
1854,2586
1855,2636
1856,2686
1857,2685
1858,2684
1859,2683
1860,2733
1861,2783
1862,2782
1863,2832
1864,2782
1865,2781
1866,2780
1867,2783
1868,2782
1869,2781
1870,2784
1871,2787
1872,2786
1873,2785
1874,2784
1875,2783
1876,2733
1877,2732
1878,2731
1879,2781
1880,2780
1881,2779
1882,2778
1883,2781
1884,2780
1885,2779
1886,2829
1887,2832
1888,2831
1889,2781
1890,2780
1891,2783
1892,2782
1893,2781
1894,2831
1895,2881
1896,2931
1897,2930
1898,2980
1899,2983
1900,2982
1901,2981
1902,2980
1903,3030
1904,3029
1905,3032
1906,3031
1907,3030
1908,3029
1909,3028
1910,3027
1911,3026
1912,3025
1913,3024
1914,3074
1915,3073
1916,3076
1917,3126
1918,3125
1919,3128
1920,3127
1921,3126
1922,3125
1923,3124
1924,3127
1925,3077
1926,3127
1927,3126
1928,3125
1929,3128
1930,3127
1931,3130
1932,3129
1933,3079
1934,3129
1935,3079
1936,3078
1937,3028
1938,3027
1939,3030
1940,3029
1941,3028
1942,3078
1943,3081
1944,3080
1945,3083
1946,3082
1947,3081
1948,3131
1949,3081
1950,3080
1951,3030
1952,3029
1953,3032
1954,3031
1955,3030
1956,3029
1957,3028
1958,3027
1959,2977
1960,2976
1961,2975
1962,2974
1963,2973
1964,2976
1965,2975
1966,2978
1967,2928
1968,2927
1969,2926
1970,2925
1971,2924
1972,2927
1973,2930
1974,2929
1975,2928
1976,2927
1977,2926
1978,2925
1979,2975
1980,2974
1981,2973
1982,2972
1983,2971
1984,2974
1985,2973
1986,2972
1987,2975
1988,2974
1989,2973
1990,2972
1991,2971
1992,2970
1993,2969
1994,2968
1995,3018
1996,3021
1997,3020
1998,3023
1999,3022
2000,2972
2001,3022
2002,3021
2003,3024
2004,3074
2005,3073
2006,3123
2007,3122
2008,3121
2009,3120
2010,3119
2011,3169
2012,3168
2013,3218
2014,3168
2015,3167
2016,3166
2017,3165
2018,3164
2019,3163
2020,3162
2021,3212
2022,3211
2023,3210
2024,3209
2025,3208
2026,3207
2027,3206
2028,3205
2029,3255
2030,3258
2031,3257
2032,3260
2033,3259
2034,3258
2035,3257
2036,3256
2037,3255
2038,3254
2039,3253
2040,3252
2041,3251
2042,3250
2043,3253
2044,3252
2045,3251
2046,3250
2047,3253
2048,3252
2049,3251
2050,3250
2051,3253
2052,3256
2053,3255
2054,3254
2055,3253
2056,3256
2057,3255
2058,3254
2059,3253
2060,3256
2061,3255
2062,3254
2063,3253
2064,3256
2065,3206
2066,3205
2067,3204
2068,3203
2069,3202
2070,3201
2071,3204
2072,3203
2073,3253
2074,3252
2075,3251
2076,3250
2077,3249
2078,3248
2079,3298
2080,3301
2081,3300
2082,3303
2083,3253
2084,3252
2085,3251
2086,3250
2087,3249
2088,3248
2089,3247
2090,3246
2091,3249
2092,3252
2093,3251
2094,3254
2095,3257
2096,3256
2097,3259
2098,3258
2099,3257
2100,3256
2101,3255
2102,3254
2103,3253
2104,3252
2105,3255
2106,3305
2107,3304
2108,3303
2109,3302
2110,3301
2111,3300
2112,3250
2113,3249
2114,3299
2115,3298
2116,3297
2117,3296
2118,3295
2119,3294
2120,3293
2121,3296
2122,3295
2123,3294
2124,3244
2125,3243
2126,3242
2127,3241
2128,3240
2129,3243
2130,3293
2131,3343
2132,3342
2133,3341
2134,3344
2135,3347
2136,3346
2137,3345
2138,3344
2139,3343
2140,3342
2141,3341
2142,3340
2143,3339
2144,3338
2145,3341
2146,3340
2147,3339
2148,3389
2149,3392
2150,3395
2151,3394
2152,3344
2153,3343
2154,3342
2155,3341
2156,3391
2157,3394
2158,3393
2159,3343
2160,3342
2161,3341
2162,3340
2163,3343
2164,3342
2165,3392
2166,3391
2167,3390
2168,3389
2169,3388
2170,3438
2171,3437
2172,3436
2173,3386
2174,3385
2175,3384
2176,3383
2177,3382
2178,3381
2179,3331
2180,3330
2181,3329
2182,3332
2183,3331
2184,3381
2185,3431
2186,3430
2187,3433
2188,3432
2189,3431
2190,3430
2191,3429
2192,3428
2193,3427
2194,3426
2195,3425
2196,3424
2197,3423
2198,3373
2199,3372
2200,3371
2201,3374
2202,3373
2203,3372
2204,3375
2205,3374
2206,3373
2207,3372
2208,3422
2209,3421
2210,3420
2211,3419
2212,3418
2213,3417
2214,3416
2215,3415
2216,3414
2217,3413
2218,3412
2219,3415
2220,3365
2221,3364
2222,3363
2223,3313
2224,3312
2225,3311
2226,3314
2227,3264
2228,3263
2229,3262
2230,3261
2231,3260
2232,3259
2233,3258
2234,3257
2235,3256
2236,3255
2237,3254
2238,3204
2239,3254
2240,3204
2241,3203
2242,3153
2243,3152
2244,3151
2245,3150
2246,3149
2247,3152
2248,3151
2249,3151
2250,3150
2251,3200
2252,3199
2253,3198
2254,3197
2255,3196
2256,3199
2257,3198
2258,3197
2259,3200
2260,3250
2261,3253
2262,3252
2263,3251
2264,3250
2265,3249
2266,3299
2267,3298
2268,3301
2269,3300
2270,3299
2271,3298
2272,3301
2273,3300
2274,3299
2275,3298
2276,3297
2277,3296
2278,3295
2279,3294
2280,3293
2281,3296
2282,3299
2283,3298
2284,3297
2285,3296
2286,3295
2287,3294
2288,3293
2289,3292
2290,3291
2291,3241
2292,3240
2293,3239
2294,3238
2295,3237
2296,3236
2297,3235
2298,3238
2299,3237
2300,3236
2301,3239
2302,3242
2303,3245
2304,3244
2305,3194
2306,3193
2307,3192
2308,3191
2309,3190
2310,3140
2311,3139
2312,3138
2313,3137
2314,3140
2315,3139
2316,3138
2317,3137
2318,3136
2319,3135
2320,3138
2321,3141
2322,3140
2323,3139
2324,3138
2325,3188
2326,3191
2327,3190
2328,3240
2329,3239
2330,3238
2331,3237
2332,3236
2333,3235
2334,3234
2335,3233
2336,3236
2337,3235
2338,3234
2339,3184
2340,3187
2341,3187
2342,3137
2343,3136
2344,3135
2345,3134
2346,3084
2347,3083
2348,3133
2349,3136
2350,3135
2351,3185
2352,3184
2353,3183
2354,3182
2355,3181
2356,3180
2357,3179
2358,3178
2359,3177
2360,3176
2361,3175
2362,3178
2363,3177
2364,3176
2365,3175
2366,3178
2367,3228
2368,3227
2369,3226
2370,3225
2371,3224
2372,3274
2373,3273
2374,3272
2375,3271
2376,3270
2377,3273
2378,3276
2379,3279
2380,3278
2381,3328
2382,3327
2383,3326
2384,3325
2385,3328
2386,3327
2387,3326
2388,3325
2389,3324
2390,3323
2391,3322
2392,3372
2393,3375
2394,3425
2395,3475
2396,3478
2397,3477
2398,3480
2399,3479
2400,3482
2401,3432
2402,3435
2403,3385
2404,3384
2405,3434
2406,3433
2407,3432
2408,3435
2409,3485
2410,3484
2411,3483
2412,3486
2413,3536
2414,3539
2415,3538
2416,3541
2417,3540
2418,3539
2419,3538
2420,3537
2421,3537
2422,3587
2423,3586
2424,3585
2425,3588
2426,3587
2427,3637
2428,3636
2429,3639
2430,3638
2431,3637
2432,3636
2433,3635
2434,3634
2435,3633
2436,3636
2437,3635
2438,3634
2439,3637
2440,3587
2441,3586
2442,3585
2443,3584
2444,3583
2445,3582
2446,3581
2447,3580
2448,3579
2449,3578
2450,3581
2451,3580
2452,3579
2453,3629
2454,3628
2455,3631
2456,3630
2457,3633
2458,3632
2459,3631
2460,3630
2461,3629
2462,3628
2463,3578
2464,3577
2465,3576
2466,3575
2467,3574
2468,3573
2469,3572
2470,3571
2471,3621
2472,3620
2473,3619
2474,3618
2475,3617
2476,3620
2477,3619
2478,3669
2479,3668
2480,3667
2481,3666
2482,3616
2483,3619
2484,3618
2485,3617
2486,3616
2487,3615
2488,3614
2489,3617
2490,3620
2491,3623
2492,3622
2493,3621
2494,3620
2495,3670
2496,3669
2497,3672
2498,3671
2499,3670
2500,3620
2501,3623
2502,3626
2503,3625
2504,3624
2505,3623
2506,3626
2507,3576
2508,3579
2509,3578
2510,3528
2511,3527
2512,3526
2513,3525
2514,3528
2515,3527
2516,3526
2517,3529
2518,3528
2519,3527
2520,3526
2521,3525
2522,3524
2523,3574
2524,3577
2525,3576
2526,3575
2527,3525
2528,3524
2529,3523
2530,3522
2531,3521
2532,3520
2533,3519
2534,3518
2535,3517
2536,3520
2537,3519
2538,3518
2539,3517
2540,3516
2541,3566
2542,3565
2543,3564
2544,3514
2545,3464
2546,3467
2547,3466
2548,3516
2549,3515
2550,3514
2551,3517
2552,3516
2553,3515
2554,3514
2555,3564
2556,3563
2557,3566
2558,3565
2559,3568
2560,3518
2561,3517
2562,3516
2563,3515
2564,3514
2565,3513
2566,3512
2567,3511
2568,3510
2569,3509
2570,3508
2571,3507
2572,3506
2573,3505
2574,3504
2575,3504
2576,3507
2577,3506
2578,3505
2579,3504
2580,3503
2581,3502
2582,3501
2583,3501
2584,3551
2585,3550
2586,3549
2587,3548
2588,3547
2589,3550
2590,3549
2591,3548
2592,3547
2593,3546
2594,3496
2595,3546
2596,3549
2597,3548
2598,3547
2599,3546
2600,3549
2601,3548
2602,3547
2603,3546
2604,3545
2605,3548
2606,3598
2607,3597
2608,3596
2609,3595
2610,3594
2611,3593
2612,3643
2613,3642
2614,3645
2615,3644
2616,3643
2617,3642
2618,3641
2619,3640
2620,3639
2621,3689
2622,3688
2623,3687
2624,3686
2625,3685
2626,3684
2627,3734
2628,3684
2629,3683
2630,3733
2631,3732
2632,3731
2633,3730
2634,3733
2635,3732
2636,3731
2637,3734
2638,3733
2639,3732
2640,3731
2641,3734
2642,3733
2643,3732
2644,3731
2645,3730
2646,3729
2647,3732
2648,3731
2649,3734
2650,3784
2651,3734
2652,3733
2653,3736
2654,3735
2655,3734
2656,3733
2657,3732
2658,3731
2659,3730
2660,3729
2661,3679
2662,3678
2663,3677
2664,3676
2665,3675
2666,3674
2667,3673
2668,3672
2669,3671
2670,3674
2671,3673
2672,3676
2673,3675
2674,3674
2675,3677
2676,3680
2677,3679
2678,3678
2679,3677
2680,3676
2681,3675
2682,3674
2683,3677
2684,3727
2685,3777
2686,3776
2687,3775
2688,3774
2689,3773
2690,3823
2691,3822
2692,3825
2693,3824
2694,3823
2695,3822
2696,3821
2697,3771
2698,3821
2699,3820
2700,3819
2701,3818
2702,3817
2703,3867
2704,3870
2705,3873
2706,3876
2707,3875
2708,3874
2709,3924
2710,3923
2711,3923
2712,3926
2713,3925
2714,3924
2715,3927
2716,3977
2717,4027
2718,4026
2719,4025
2720,4024
2721,4023
2722,4022
2723,4021
2724,4020
2725,4019
2726,4018
2727,4017
2728,4016
2729,4015
2730,4014
2731,4013
2732,4012
2733,4011
2734,4061
2735,4111
2736,4114
2737,4113
2738,4112
2739,4115
2740,4114
2741,4164
2742,4163
2743,4162
2744,4161
2745,4211
2746,4210
2747,4209
2748,4208
2749,4158
2750,4157
2751,4156
2752,4155
2753,4105
2754,4108
2755,4107
2756,4110
2757,4109
2758,4108
2759,4107
2760,4106
2761,4056
2762,4059
2763,4009
2764,4008
2765,4007
2766,3957
2767,3956
2768,3959
2769,4009
2770,4008
2771,4007
2772,4006
2773,4009
2774,4012
2775,4011
2776,4010
2777,4009
2778,4012
2779,4011
2780,4010
2781,4009
2782,4059
2783,4058
2784,4057
2785,4056
2786,4106
2787,4105
2788,4104
2789,4103
2790,4102
2791,4101
2792,4151
2793,4101
2794,4151
2795,4150
2796,4200
2797,4203
2798,4202
2799,4205
2800,4204
2801,4203
2802,4253
2803,4256
2804,4255
2805,4254
2806,4204
2807,4203
2808,4153
2809,4152
2810,4151
2811,4150
2812,4149
2813,4152
2814,4202
2815,4201
2816,4200
2817,4199
2818,4198
2819,4197
2820,4196
2821,4195
2822,4145
2823,4144
2824,4143
2825,4142
2826,4141
2827,4140
2828,4139
2829,4138
2830,4188
2831,4187
2832,4186
2833,4185
2834,4184
2835,4183
2836,4182
2837,4185
2838,4184
2839,4134
2840,4133
2841,4132
2842,4131
2843,4130
2844,4129
2845,4128
2846,4127
2847,4130
2848,4129
2849,4128
2850,4127
2851,4126
2852,4125
2853,4128
2854,4127
2855,4126
2856,4125
2857,4175
2858,4174
2859,4173
2860,4172
2861,4171
2862,4174
2863,4173
2864,4172
2865,4171
2866,4121
2867,4071
2868,4121
2869,4124
2870,4123
2871,4122
2872,4121
2873,4120
2874,4070
2875,4069
2876,4068
2877,4067
2878,4066
2879,4016
2880,4015
2881,4014
2882,4013
2883,4012
2884,3962
2885,3965
2886,3964
2887,3963
2888,3962
2889,4012
2890,4011
2891,4010
2892,4009
2893,4008
2894,4007
2895,4006
2896,4009
2897,4012
2898,4011
2899,4010
2900,4009
2901,4008
2902,4007
2903,4006
2904,4005
2905,4004
2906,4007
2907,3957
2908,3956
2909,4006
2910,4005
2911,4008
2912,4007
2913,4010
2914,4060
2915,4063
2916,4062
2917,4061
2918,4060
2919,4059
2920,4058
2921,4061
2922,4011
2923,4010
2924,4013
2925,4063
2926,4062
2927,4061
2928,4060
2929,4010
2930,4060
2931,4110
2932,4109
2933,4159
2934,4158
2935,4208
2936,4158
2937,4157
2938,4156
2939,4155
2940,4154
2941,4104
2942,4103
2943,4102
2944,4101
2945,4100
2946,4150
2947,4149
2948,4148
2949,4147
2950,4146
2951,4145
2952,4144
2953,4194
2954,4244
2955,4247
2956,4250
2957,4253
2958,4256
2959,4259
2960,4258
2961,4261
2962,4260
2963,4263
2964,4313
2965,4363
2966,4362
2967,4365
2968,4364
2969,4363
2970,4413
2971,4412
2972,4411
2973,4410
2974,4413
2975,4412
2976,4415
2977,4414
2978,4413
2979,4412
2980,4411
2981,4461
2982,4460
2983,4463
2984,4513
2985,4512
2986,4511
2987,4510
2988,4509
2989,4512
2990,4511
2991,4514
2992,4513
2993,4512
2994,4515
2995,4514
2996,4513
2997,4512
2998,4511
2999,4514
3000,4513
3001,4512
3002,4511
3003,4510
3004,4509
3005,4509
3006,4559
3007,4609
3008,4608
3009,4607
3010,4657
3011,4656
3012,4655
3013,4654
3014,4653
3015,4703
3016,4753
3017,4752
3018,4751
3019,4754
3020,4753
3021,4752
3022,4751
3023,4750
3024,4749
3025,4748
3026,4747
3027,4746
3028,4749
3029,4699
3030,4698
3031,4697
3032,4696
3033,4695
3034,4694
3035,4693
3036,4643
3037,4642
3038,4641
3039,4640
3040,4639
3041,4638
3042,4641
3043,4640
3044,4639
3045,4589
3046,4588
3047,4587
3048,4637
3049,4640
3050,4639
3051,4638
3052,4641
3053,4644
3054,4643
3055,4642
3056,4641
3057,4640
3058,4639
3059,4642
3060,4641
3061,4640
3062,4639
3063,4638
3064,4637
3065,4636
3066,4635
3067,4634
3068,4633
3069,4636
3070,4635
3071,4634
3072,4633
3073,4636
3074,4639
3075,4638
3076,4688
3077,4687
3078,4690
3079,4740
3080,4743
3081,4693
3082,4743
3083,4742
3084,4741
3085,4744
3086,4747
3087,4746
3088,4796
3089,4799
3090,4798
3091,4848
3092,4798
3093,4797
3094,4796
3095,4795
3096,4794
3097,4793
3098,4796
3099,4795
3100,4794
3101,4793
3102,4743
3103,4742
3104,4792
3105,4791
3106,4790
3107,4793
3108,4796
3109,4795
3110,4794
3111,4793
3112,4796
3113,4795
3114,4845
3115,4844
3116,4843
3117,4842
3118,4841
3119,4891
3120,4890
3121,4889
3122,4888
3123,4891
3124,4890
3125,4889
3126,4888
3127,4887
3128,4886
3129,4885
3130,4888
3131,4887
3132,4886
3133,4936
3134,4935
3135,4938
3136,4988
3137,4991
3138,4990
3139,4989
3140,4988
3141,4987
3142,4990
3143,4993
3144,4992
3145,4995
3146,4994
3147,4993
3148,4992
3149,4942
3150,4941
3151,4944
3152,4994
3153,4993
3154,4992
3155,4991
3156,4990
3157,4993
3158,4996
3159,4995
3160,5045
3161,5044
3162,5043
3163,5042
3164,5041
3165,5044
3166,5043
3167,4993
3168,4992
3169,4991
3170,4990
3171,4989
3172,4992
3173,4995
3174,4994
3175,4993
3176,4992
3177,4991
3178,4994
3179,4993
3180,4996
3181,4995
3182,4994
3183,4993
3184,4992
3185,4991
3186,4990
3187,4989
3188,4988
3189,4991
3190,4990
3191,5040
3192,5043
3193,5093
3194,5092
3195,5091
3196,5094
3197,5093
3198,5092
3199,5042
3200,4992
3201,5042
3202,5092
3203,5091
3204,5094
3205,5097
3206,5100
3207,5099
3208,5099
3209,5098
3210,5097
3211,5096
3212,5095
3213,5094
3214,5097
3215,5100
3216,5099
3217,5098
3218,5101
3219,5104
3220,5154
3221,5157
3222,5160
3223,5159
3224,5158
3225,5157
3226,5156
3227,5155
3228,5154
3229,5153
3230,5152
3231,5151
3232,5150
3233,5149
3234,5148
3235,5147
3236,5146
3237,5096
3238,5099
3239,5098
3240,5097
3241,5147
3242,5197
3243,5196
3244,5199
3245,5198
3246,5197
3247,5196
3248,5199
3249,5198
3250,5197
3251,5200
3252,5199
3253,5198
3254,5197
3255,5196
3256,5195
3257,5194
3258,5193
3259,5192
3260,5191
3261,5190
3262,5189
3263,5188
3264,5191
3265,5190
3266,5193
3267,5143
3268,5146
3269,5145
3270,5144
3271,5143
3272,5142
3273,5092
3274,5095
3275,5094
3276,5144
3277,5094
3278,5093
3279,5092
3280,5091
3281,5090
3282,5040
3283,5039
3284,5038
3285,5037
3286,5036
3287,5035
3288,5038
3289,5041
3290,5040
3291,5039
3292,5038
3293,5037
3294,5036
3295,5035
3296,5085
3297,5084
3298,5087
3299,5137
3300,5136
3301,5135
3302,5134
3303,5137
3304,5136
3305,5135
3306,5134
3307,5133
3308,5132
3309,5131
3310,5130
3311,5129
3312,5128
3313,5078
3314,5077
3315,5080
3316,5079
3317,5082
3318,5081
3319,5080
3320,5079
3321,5078
3322,5077
3323,5127
3324,5126
3325,5125
3326,5124
3327,5123
3328,5122
3329,5121
3330,5120
3331,5119
3332,5118
3333,5117
3334,5116
3335,5115
3336,5114
3337,5113
3338,5116
3339,5115
3340,5114
3341,5113
3342,5112
3343,5111
3344,5110
3345,5109
3346,5159
3347,5158
3348,5157
3349,5156
3350,5155
3351,5154
3352,5157
3353,5156
3354,5155
3355,5154
3356,5157
3357,5107
3358,5110
3359,5109
3360,5108
3361,5107
3362,5110
3363,5109
3364,5108
3365,5107
3366,5106
3367,5109
3368,5112
3369,5111
3370,5111
3371,5110
3372,5113
3373,5116
3374,5066
3375,5065
3376,5064
3377,5063
3378,5066
3379,5065
3380,5064
3381,5063
3382,5113
3383,5116
3384,5115
3385,5114
3386,5117
3387,5120
3388,5170
3389,5169
3390,5172
3391,5171
3392,5170
3393,5169
3394,5172
3395,5171
3396,5170
3397,5169
3398,5168
3399,5171
3400,5170
3401,5169
3402,5168
3403,5167
3404,5166
3405,5165
3406,5164
3407,5163
3408,5162
3409,5161
3410,5160
3411,5159
3412,5158
3413,5157
3414,5156
3415,5155
3416,5154
3417,5153
3418,5203
3419,5253
3420,5252
3421,5302
3422,5301
3423,5300
3424,5299
3425,5298
3426,5297
3427,5296
3428,5295
3429,5294
3430,5297
3431,5296
3432,5299
3433,5298
3434,5348
3435,5347
3436,5346
3437,5345
3438,5295
3439,5294
3440,5293
3441,5243
3442,5242
3443,5241
3444,5244
3445,5243
3446,5242
3447,5241
3448,5240
3449,5239
3450,5238
3451,5237
3452,5287
3453,5286
3454,5236
3455,5286
3456,5285
3457,5284
3458,5283
3459,5282
3460,5281
3461,5284
3462,5287
3463,5290
3464,5289
3465,5339
3466,5338
3467,5388
3468,5391
3469,5441
3470,5444
3471,5443
3472,5442
3473,5441
3474,5491
3475,5490
3476,5493
3477,5492
3478,5491
3479,5490
3480,5440
3481,5439
3482,5438
3483,5437
3484,5436
3485,5435
3486,5434
3487,5433
3488,5436
3489,5435
3490,5434
3491,5433
3492,5383
3493,5382
3494,5385
3495,5384
3496,5383
3497,5433
3498,5483
3499,5482
3500,5481
3501,5480
3502,5430
3503,5433
3504,5432
3505,5435
3506,5485
3507,5484
3508,5487
3509,5486
3510,5489
3511,5488
3512,5487
3513,5490
3514,5489
3515,5488
3516,5487
3517,5537
3518,5536
3519,5535
3520,5534
3521,5533
3522,5532
3523,5482
3524,5481
3525,5480
3526,5479
3527,5482
3528,5481
3529,5531
3530,5530
3531,5529
3532,5528
3533,5527
3534,5577
3535,5580
3536,5579
3537,5578
3538,5581
3539,5580
3540,5579
3541,5578
3542,5528
3543,5527
3544,5526
3545,5525
3546,5524
3547,5523
3548,5522
3549,5521
3550,5524
3551,5523
3552,5522
3553,5521
3554,5520
3555,5523
3556,5522
3557,5521
3558,5520
3559,5519
3560,5518
3561,5517
3562,5516
3563,5466
3564,5465
3565,5464
3566,5463
3567,5462
3568,5465
3569,5464
3570,5514
3571,5464
3572,5463
3573,5462
3574,5461
3575,5460
3576,5459
3577,5409
3578,5408
3579,5407
3580,5406
3581,5405
3582,5408
3583,5411
3584,5410
3585,5409
3586,5459
3587,5458
3588,5408
3589,5358
3590,5361
3591,5360
3592,5310
3593,5309
3594,5308
3595,5307
3596,5306
3597,5305
3598,5308
3599,5311
3600,5310
3601,5309
3602,5308
3603,5307
3604,5357
3605,5356
3606,5406
3607,5405
3608,5404
3609,5403
3610,5406
3611,5405
3612,5404
3613,5407
3614,5406
3615,5356
3616,5406
3617,5405
3618,5404
3619,5403
3620,5353
3621,5352
3622,5351
3623,5350
3624,5349
3625,5348
3626,5398
3627,5397
3628,5400
3629,5399
3630,5398
3631,5397
3632,5400
3633,5399
3634,5402
3635,5401
3636,5400
3637,5399
3638,5398
3639,5397
3640,5396
3641,5395
3642,5445
3643,5444
3644,5494
3645,5493
3646,5492
3647,5491
3648,5494
3649,5497
3650,5496
3651,5495
3652,5494
3653,5497
3654,5496
3655,5499
3656,5498
3657,5497
3658,5496
3659,5499
3660,5549
3661,5548
3662,5547
3663,5546
3664,5545
3665,5544
3666,5543
3667,5493
3668,5492
3669,5495
3670,5498
3671,5497
3672,5496
3673,5499
3674,5498
3675,5501
3676,5500
3677,5499
3678,5498
3679,5497
3680,5497
3681,5447
3682,5446
3683,5445
3684,5444
3685,5443
3686,5442
3687,5441
3688,5440
3689,5390
3690,5440
3691,5439
3692,5438
3693,5441
3694,5440
3695,5439
3696,5438
3697,5437
3698,5387
3699,5390
3700,5393
3701,5392
3702,5391
3703,5390
3704,5389
3705,5388
3706,5387
3707,5386
3708,5389
3709,5388
3710,5387
3711,5386
3712,5389
3713,5388
3714,5387
3715,5386
3716,5389
3717,5388
3718,5387
3719,5386
3720,5336
3721,5335
3722,5338
3723,5341
3724,5344
3725,5343
3726,5346
3727,5345
3728,5395
3729,5394
3730,5393
3731,5392
3732,5391
3733,5390
3734,5389
3735,5388
3736,5391
3737,5394
3738,5393
3739,5443
3740,5446
3741,5445
3742,5444
3743,5443
3744,5442
3745,5441
3746,5491
3747,5490
3748,5489
3749,5488
3750,5487
3751,5486
3752,5485
3753,5484
3754,5483
3755,5533
3756,5583
3757,5586
3758,5585
3759,5584
3760,5583
3761,5582
3762,5581
3763,5580
3764,5579
3765,5629
3766,5679
3767,5678
3768,5681
3769,5680
3770,5679
3771,5678
3772,5677
3773,5676
3774,5726
3775,5725
3776,5724
3777,5727
3778,5726
3779,5776
3780,5826
3781,5876
3782,5879
3783,5878
3784,5881
3785,5880
3786,5879
3787,5929
3788,5979
3789,5978
3790,6028
3791,6027
3792,6077
3793,6076
3794,6126
3795,6129
3796,6128
3797,6127
3798,6126
3799,6125
3800,6075
3801,6074
3802,6024
3803,6023
3804,6022
3805,6021
3806,6024
3807,6023
3808,6022
3809,6021
3810,6020
3811,6019
3812,6018
3813,6068
3814,6067
3815,6066
3816,6065
3817,6064
3818,6063
3819,6066
3820,6065
3821,6064
3822,6063
3823,6062
3824,6065
3825,6064
3826,6114
3827,6113
3828,6112
3829,6111
3830,6161
3831,6160
3832,6159
3833,6158
3834,6157
3835,6156
3836,6155
3837,6154
3838,6153
3839,6156
3840,6159
3841,6158
3842,6157
3843,6156
3844,6155
3845,6154
3846,6153
3847,6152
3848,6155
3849,6154
3850,6153
3851,6152
3852,6202
3853,6201
3854,6204
3855,6203
3856,6206
3857,6205
3858,6204
3859,6203
3860,6206
3861,6156
3862,6155
3863,6158
3864,6161
3865,6160
3866,6159
3867,6209
3868,6208
3869,6207
3870,6206
3871,6156
3872,6159
3873,6162
3874,6161
3875,6111
3876,6110
3877,6113
3878,6112
3879,6062
3880,6061
3881,6060
3882,6059
3883,6058
3884,6057
3885,6056
3886,6106
3887,6105
3888,6155
3889,6154
3890,6153
3891,6156
3892,6155
3893,6205
3894,6204
3895,6203
3896,6202
3897,6252
3898,6251
3899,6250
3900,6300
3901,6299
3902,6249
3903,6248
3904,6247
3905,6246
3906,6245
3907,6244
3908,6247
3909,6246
3910,6245
3911,6244
3912,6243
3913,6246
3914,6249
3915,6252
3916,6255
3917,6254
3918,6253
3919,6252
3920,6251
3921,6250
3922,6249
3923,6299
3924,6298
3925,6297
3926,6296
3927,6295
3928,6294
3929,6297
3930,6296
3931,6295
3932,6294
3933,6293
3934,6292
3935,6295
3936,6294
3937,6293
3938,6292
3939,6342
3940,6345
3941,6344
3942,6343
3943,6342
3944,6341
3945,6340
3946,6339
3947,6338
3948,6388
3949,6387
3950,6390
3951,6389
3952,6388
3953,6387
3954,6386
3955,6385
3956,6384
3957,6383
3958,6382
3959,6381
3960,6380
3961,6383
3962,6382
3963,6381
3964,6380
3965,6379
3966,6382
3967,6381
3968,6384
3969,6383
3970,6386
3971,6385
3972,6384
3973,6383
3974,6382
3975,6381
3976,6380
3977,6379
3978,6378
3979,6377
3980,6376
3981,6326
3982,6325
3983,6275
3984,6278
3985,6228
3986,6227
3987,6226
3988,6176
3989,6175
3990,6174
3991,6173
3992,6223
3993,6226
3994,6225
3995,6224
3996,6223
3997,6222
3998,6225
3999,6228
4000,6227
4001,6226
4002,6229
4003,6228
4004,6227
4005,6226
4006,6276
4007,6275
4008,6274
4009,6273
4010,6272
4011,6271
4012,6274
4013,6273
4014,6272
4015,6271
4016,6270
4017,6320
4018,6319
4019,6318
4020,6368
4021,6367
4022,6317
4023,6316
4024,6315
4025,6318
4026,6317
4027,6316
4028,6315
4029,6314
4030,6313
4031,6312
4032,6315
4033,6365
4034,6364
4035,6363
4036,6362
4037,6365
4038,6368
4039,6367
4040,6366
4041,6365
4042,6364
4043,6363
4044,6413
4045,6463
4046,6462
4047,6461
4048,6460
4049,6459
4050,6458
4051,6508
4052,6558
4053,6608
4054,6611
4055,6610
4056,6609
4057,6608
4058,6658
4059,6657
4060,6656
4061,6655
4062,6605
4063,6604
4064,6654
4065,6657
4066,6656
4067,6659
4068,6658
4069,6661
4070,6660
4071,6659
4072,6658
4073,6661
4074,6660
4075,6659
4076,6658
4077,6657
4078,6656
4079,6655
4080,6654
4081,6653
4082,6652
4083,6702
4084,6701
4085,6704
4086,6707
4087,6706
4088,6705
4089,6704
4090,6703
4091,6702
4092,6701
4093,6700
4094,6699
4095,6698
4096,6748
4097,6747
4098,6746
4099,6745
4100,6744
4101,6747
4102,6746
4103,6745
4104,6744
4105,6743
4106,6742
4107,6741
4108,6791
4109,6790
4110,6840
4111,6839
4112,6842
4113,6841
4114,6841
4115,6840
4116,6890
4117,6940
4118,6939
4119,6938
4120,6937
4121,6936
4122,6935
4123,6938
4124,6937
4125,6936
4126,6935
4127,6934
4128,6933
4129,6883
4130,6882
4131,6885
4132,6884
4133,6883
4134,6886
4135,6885
4136,6884
4137,6887
4138,6886
4139,6885
4140,6884
4141,6883
4142,6882
4143,6885
4144,6884
4145,6883
4146,6882
4147,6885
4148,6884
4149,6883
4150,6882
4151,6881
4152,6884
4153,6883
4154,6882
4155,6881
4156,6880
4157,6879
4158,6929
4159,6928
4160,6927
4161,6926
4162,6925
4163,6924
4164,6927
4165,6926
4166,6925
4167,6928
4168,6927
4169,6926
4170,6925
4171,6975
4172,6974
4173,6973
4174,6923
4175,6926
4176,6929
4177,6928
4178,6927
4179,6926
4180,6925
4181,6875
4182,6925
4183,6975
4184,7025
4185,7024
4186,7023
4187,7022
4188,7072
4189,7122
4190,7072
4191,7075
4192,7125
4193,7124
4194,7123
4195,7073
4196,7072
4197,7071
4198,7070
4199,7069
4200,7068
4201,7067
4202,7066
4203,7065
4204,7064
4205,7114
4206,7113
4207,7063
4208,7062
4209,7061
4210,7060
4211,7063
4212,7062
4213,7061
4214,7011
4215,7010
4216,7009
4217,7008
4218,7007
4219,7057
4220,7107
4221,7106
4222,7105
4223,7104
4224,7107
4225,7110
4226,7109
4227,7112
4228,7115
4229,7114
4230,7113
4231,7112
4232,7111
4233,7110
4234,7109
4235,7108
4236,7107
4237,7106
4238,7105
4239,7108
4240,7107
4241,7106
4242,7109
4243,7108
4244,7107
4245,7106
4246,7109
4247,7112
4248,7115
4249,7114
4250,7113
4251,7112
4252,7111
4253,7114
4254,7113
4255,7063
4256,7062
4257,7112
4258,7111
4259,7110
4260,7109
4261,7112
4262,7111
4263,7110
4264,7109
4265,7108
4266,7107
4267,7110
4268,7160
4269,7159
4270,7158
4271,7157
4272,7156
4273,7155
4274,7154
4275,7153
4276,7203
4277,7202
4278,7201
4279,7200
4280,7150
4281,7149
4282,7148
4283,7151
4284,7150
4285,7149
4286,7199
4287,7198
4288,7248
4289,7247
4290,7250
4291,7249
4292,7248
4293,7247
4294,7246
4295,7249
4296,7248
4297,7247
4298,7246
4299,7249
4300,7199
4301,7198
4302,7248
4303,7247
4304,7246
4305,7245
4306,7244
4307,7243
4308,7246
4309,7245
4310,7244
4311,7247
4312,7250
4313,7249
4314,7252
4315,7251
4316,7250
4317,7249
4318,7248
4319,7247
4320,7246
4321,7245
4322,7244
4323,7247
4324,7297
4325,7296
4326,7299
4327,7249
4328,7252
4329,7251
4330,7254
4331,7204
4332,7254
4333,7257
4334,7256
4335,7255
4336,7254
4337,7253
4338,7303
4339,7353
4340,7352
4341,7351
4342,7350
4343,7349
4344,7348
4345,7347
4346,7346
4347,7349
4348,7348
4349,7398
4350,7397
4351,7396
4352,7395
4353,7398
4354,7401
4355,7400
4356,7350
4357,7349
4358,7348
4359,7347
4360,7346
4361,7296
4362,7299
4363,7298
4364,7297
4365,7296
4366,7246
4367,7196
4368,7195
4369,7194
4370,7193
4371,7192
4372,7242
4373,7241
4374,7244
4375,7243
4376,7242
4377,7241
4378,7240
4379,7290
4380,7289
4381,7292
4382,7291
4383,7341
4384,7340
4385,7343
4386,7342
4387,7341
4388,7344
4389,7343
4390,7342
4391,7341
4392,7340
4393,7343
4394,7342
4395,7341
4396,7340
4397,7339
4398,7338
4399,7341
4400,7340
4401,7339
4402,7338
4403,7337
4404,7336
4405,7335
4406,7334
4407,7333
4408,7336
4409,7335
4410,7385
4411,7388
4412,7387
4413,7386
4414,7389
4415,7439
4416,7489
4417,7492
4418,7491
4419,7490
4420,7440
4421,7439
4422,7442
4423,7441
4424,7440
4425,7439
4426,7438
4427,7437
4428,7487
4429,7490
4430,7489
4431,7492
4432,7491
4433,7490
4434,7489
4435,7492
4436,7442
4437,7441
4438,7391
4439,7390
4440,7440
4441,7443
4442,7442
4443,7441
4444,7440
4445,7439
4446,7438
4447,7437
4448,7436
4449,7386
4450,7436
4451,7435
4452,7434
4453,7433
4454,7432
4455,7431
4456,7381
4457,7380
4458,7383
4459,7382
4460,7381
4461,7380
4462,7379
4463,7378
4464,7428
4465,7427
4466,7426
4467,7425
4468,7428
4469,7431
4470,7434
4471,7433
4472,7432
4473,7431
4474,7430
4475,7433
4476,7436
4477,7435
4478,7485
4479,7484
4480,7534
4481,7533
4482,7536
4483,7586
4484,7585
4485,7584
4486,7583
4487,7582
4488,7581
4489,7581
4490,7580
4491,7579
4492,7629
4493,7629
4494,7632
4495,7635
4496,7638
4497,7641
4498,7640
4499,7643
4500,7642
4501,7645
4502,7648
4503,7698
4504,7697
4505,7696
4506,7695
4507,7694
4508,7644
4509,7647
4510,7646
4511,7649
4512,7652
4513,7651
4514,7650
4515,7649
4516,7648
4517,7698
4518,7697
4519,7696
4520,7695
4521,7698
4522,7701
4523,7700
4524,7699
4525,7702
4526,7701
4527,7704
4528,7707
4529,7706
4530,7705
4531,7704
4532,7703
4533,7702
4534,7701
4535,7704
4536,7707
4537,7706
4538,7705
4539,7708
4540,7707
4541,7706
4542,7705
4543,7704
4544,7703
4545,7702
4546,7701
4547,7704
4548,7754
4549,7757
4550,7756
4551,7759
4552,7758
4553,7761
4554,7760
4555,7763
4556,7813
4557,7812
4558,7811
4559,7861
4560,7860
4561,7859
4562,7858
4563,7857
4564,7856
4565,7855
4566,7854
4567,7853
4568,7856
4569,7906
4570,7905
4571,7904
4572,7907
4573,7906
4574,7909
4575,7908
4576,7911
4577,7914
4578,7917
4579,7916
4580,7915
4581,7918
4582,7917
4583,7916
4584,7866
4585,7865
4586,7864
4587,7863
4588,7862
4589,7861
4590,7860
4591,7859
4592,7858
4593,7861
4594,7911
4595,7910
4596,7910
4597,7960
4598,7963
4599,7962
4600,7965
4601,8015
4602,8018
4603,8017
4604,8016
4605,8015
4606,8014
4607,8013
4608,8012
4609,8011
4610,8010
4611,8009
4612,8008
4613,8007
4614,8006
4615,8005
4616,8004
4617,7954
4618,7904
4619,7903
4620,7953
4621,7952
4622,7955
4623,7954
4624,8004
4625,8007
4626,8057
4627,8060
4628,8059
4629,8058
4630,8008
4631,8007
4632,8006
4633,8005
4634,8004
4635,8003
4636,8002
4637,7952
4638,7951
4639,7950
4640,7949
4641,7948
4642,7947
4643,7946
4644,7949
4645,7948
4646,7998
4647,7997
4648,7996
4649,7995
4650,7994
4651,7993
4652,7996
4653,7995
4654,7998
4655,7997
4656,7996
4657,7995
4658,7945
4659,7948
4660,7947
4661,7897
4662,7896
4663,7895
4664,7845
4665,7844
4666,7894
4667,7893
4668,7892
4669,7891
4670,7890
4671,7889
4672,7888
4673,7887
4674,7886
4675,7885
4676,7884
4677,7883
4678,7886
4679,7885
4680,7884
4681,7883
4682,7882
4683,7932
4684,7931
4685,7930
4686,7929
4687,7932
4688,7931
4689,7934
4690,7933
4691,7932
4692,7931
4693,7930
4694,7929
4695,7928
4696,7927
4697,7930
4698,7980
4699,7979
4700,7978
4701,8028
4702,8027
4703,8077
4704,8076
4705,8075
4706,8125
4707,8128
4708,8178
4709,8181
4710,8180
4711,8179
4712,8129
4713,8128
4714,8127
4715,8177
4716,8176
4717,8179
4718,8178
4719,8177
4720,8227
4721,8226
4722,8225
4723,8224
4724,8223
4725,8222
4726,8221
4727,8220
4728,8219
4729,8218
4730,8217
4731,8216
4732,8215
4733,8214
4734,8217
4735,8216
4736,8215
4737,8214
4738,8264
4739,8263
4740,8262
4741,8265
4742,8264
4743,8263
4744,8213
4745,8216
4746,8215
4747,8214
4748,8213
4749,8212
4750,8211
4751,8210
4752,8209
4753,8208
4754,8158
4755,8208
4756,8211
4757,8210
4758,8209
4759,8212
4760,8211
4761,8214
4762,8213
4763,8212
4764,8211
4765,8210
4766,8160
4767,8159
4768,8162
4769,8161
4770,8160
4771,8159
4772,8158
4773,8157
4774,8160
4775,8159
4776,8158
4777,8208
4778,8207
4779,8206
4780,8205
4781,8204
4782,8207
4783,8210
4784,8209
4785,8208
4786,8207
4787,8257
4788,8256
4789,8255
4790,8305
4791,8308
4792,8307
4793,8306
4794,8305
4795,8308
4796,8358
4797,8361
4798,8360
4799,8310
4800,8309
4801,8308
4802,8307
4803,8306
4804,8356
4805,8355
4806,8354
4807,8353
4808,8356
4809,8355
4810,8358
4811,8357
4812,8356
4813,8406
4814,8405
4815,8404
4816,8403
4817,8402
4818,8352
4819,8402
4820,8405
4821,8408
4822,8407
4823,8410
4824,8410
4825,8409
4826,8408
4827,8458
4828,8461
4829,8460
4830,8459
4831,8462
4832,8461
4833,8511
4834,8514
4835,8513
4836,8512
4837,8511
4838,8510
4839,8509
4840,8508
4841,8558
4842,8557
4843,8560
4844,8559
4845,8562
4846,8561
4847,8560
4848,8559
4849,8558
4850,8557
4851,8560
4852,8563
4853,8566
4854,8616
4855,8615
4856,8614
4857,8617
4858,8620
4859,8619
4860,8622
4861,8621
4862,8620
4863,8619
4864,8622
4865,8621
4866,8620
4867,8619
4868,8618
4869,8617
4870,8616
4871,8615
4872,8665
4873,8668
4874,8667
4875,8666
4876,8669
4877,8668
4878,8667
4879,8666
4880,8669
4881,8668
4882,8667
4883,8666
4884,8665
4885,8668
4886,8667
4887,8666
4888,8669
4889,8668
4890,8667
4891,8666
4892,8665
4893,8664
4894,8663
4895,8662
4896,8661
4897,8711
4898,8710
4899,8760
4900,8759
4901,8762
4902,8761
4903,8764
4904,8763
4905,8813
4906,8812
4907,8811
4908,8810
4909,8813
4910,8812
4911,8811
4912,8810
4913,8860
4914,8910
4915,8909
4916,8908
4917,8958
4918,8957
4919,8907
4920,8910
4921,8913
4922,8916
4923,8915
4924,8918
4925,8968
4926,9018
4927,9017
4928,9016
4929,8966
4930,8969
4931,8968
4932,8967
4933,8970
4934,8973
4935,8976
4936,8975
4937,8978
4938,8981
4939,8980
4940,9030
4941,9029
4942,9028
4943,9027
4944,9026
4945,9025
4946,9024
4947,9023
4948,9026
4949,9025
4950,9075
4951,9125
4952,9124
4953,9123
4954,9122
4955,9172
4956,9171
4957,9174
4958,9173
4959,9172
4960,9171
4961,9170
4962,9169
4963,9168
4964,9167
4965,9166
4966,9169
4967,9168
4968,9167
4969,9217
4970,9216
4971,9215
4972,9214
4973,9213
4974,9212
4975,9211
4976,9210
4977,9209
4978,9208
4979,9207
4980,9206
4981,9205
4982,9204
4983,9203
4984,9202
4985,9252
4986,9255
4987,9258
4988,9257
4989,9256
4990,9255
4991,9305
4992,9355
4993,9354
4994,9357
4995,9356
4996,9355
4997,9354
4998,9404
4999,9407
5000,9406
